d,phi,u
-0.05847560545815733,0.2859250367768597,-0.2988310178047136
-0.058475605458157554,0.2859250367768601,-0.29883101780471544
-0.058475605458157554,0.2859250367768601,-0.29883101780471544
-0.058475605458157554,0.2859250367768601,-0.29883101780471544
-0.058475605458157554,0.2859250367768601,-0.29883101780471544
-0.05852271984162727,0.29423888707360535,-0.29098831134266734
-0.05861253759063756,0.3097580742941964,-0.2763673016121792
-0.05874376444104501,0.3315218868487874,-0.2559157575616627
-0.058916865380114314,0.35869770802617795,-0.23047094577496519
-0.05912834999835692,0.39043322490229443,-0.2008502750812748
-0.05937005752344826,0.4258767945551315,-0.1678237806793511
-0.05962863185102185,0.4641931508802848,-0.13209316762993373
-0.059905219593941905,0.5049992556547785,-0.09405294028464051
-0.060154353424399454,0.5470453843773615,-0.05449814986663304
-0.06034804195530319,0.5896157589482556,-0.013864660604776313
-0.06045513362811816,0.6320449697035291,0.027493633422347452
-0.060442396663403675,0.6737178346961772,0.06929386806214044
-0.06027614294232253,0.7140759535209159,0.1113145240976906
-0.059923497244881774,0.7526174008457692,0.1533824283969515
-0.05935349488084596,0.7888950946369363,0.19536014582847672
-0.05858795474599943,0.8232108686989086,0.23733132123891432
-0.05759613165386945,0.8551296417515822,0.2791683252128877
-0.05635087567729624,0.8842706696622711,0.32076191288930866
-0.05482903803522732,0.9103031867115858,0.36201280635931266
-0.05301169688935703,0.9329420323905171,0.4028250634969468
-0.05088398283666484,0.9519401766249426,0.44310034825829414
-0.04843515487787553,0.9670857628745629,0.48273421409580763
-0.045658615911327805,0.9781992390760788,0.5216130799628007
-0.042551911930705066,0.985130705011404,0.5596115857043533
-0.039116751776098524,0.9877575577637366,0.5965900400027514
-0.035359076014932156,0.9859824910114536,0.6323917308621321
-0.03128919232069449,0.9797318629245448,0.6668399397175999
-0.02687054242741016,0.9683211254874846,0.699615701213383
-0.02213598250654225,0.9518219857086533,0.7304621606432308
-0.017122543643464105,0.9303162023859638,0.7590907659513227
-0.011872000108890002,0.9038971911776732,0.7851771900887732
-0.006431559811962084,0.872673786443598,0.8083581883239772
-0.0008543061742404265,0.8367724663300126,0.8282294045876083
0.004800522495752025,0.7963398094657163,0.8443450344232365
0.010467487721070978,0.7515452203485136,0.8562200975592233
0.01607521640582621,0.7025839399748713,0.8633361040331334
0.021547054223304163,0.6496803402412547,0.8651508824742963
0.02680217809602725,0.5930914698983997,0.8611132508586722
0.031757224300299924,0.5331107806419383,0.8506830236449375
0.036328462615540236,0.4700719148857859,0.8333565410411883
0.040434507737294734,0.40435238318921585,0.8086974605621632
0.043999506664194055,0.3363769015378771,0.7763719681798176
0.04695667707097606,0.26662010037930123,0.7361868710890618
0.04925200200205948,0.19560826369118237,0.6881282837117771
0.05084781922001902,0.1239197142187769,0.6323979064189671
0.05172599092018837,0.05218343853969417,0.5694433477415779
0.0518903145516183,-0.0189244482336617,0.4999786972825213
0.051367850408278404,-0.08868675483243166,0.4249917492503524
0.05020890425314095,-0.1563540523250154,0.3457349902063941
0.048485513389808,-0.22115643261428222,0.2636987012837978
0.046288432026811765,-0.28231814048635456,0.1805661797817631
0.04372277622993481,-0.3390748164629897,0.09815294583635842
0.04090264328294024,-0.3906928521461802,0.018333580683222217
0.037945137326427236,-0.4364901280930087,-0.05703875482873633
0.034964291834556516,-0.47585720357662276,-0.1262142852310576
0.03206537161758671,-0.5082778847596944,-0.18762416858382724
0.02933996946250117,-0.5333480347964099,-0.2399483401713982
0.026794750193083416,-0.5520477245062838,-0.28410022257544965
0.024493957394965626,-0.5639701430076953,-0.31903056905803906
0.02248486720567966,-0.568866000955068,-0.3440173288982714
0.02079600790250602,-0.5666486750330606,-0.3586885960080004
0.019436789865479476,-0.5573945202311307,-0.3630266215763359
0.018400181881887967,-0.5413059156932007,-0.3573040968743211
0.01766409065265817,-0.5187119489426942,-0.3420710424161125
0.01719370524681274,-0.4900635556106172,-0.3181265031424898
0.01694468473917643,-0.45592347145601736,-0.28647662406425306
0.016866978495100216,-0.4169516214957582,-0.24828183654475605
0.016908951736457012,-0.3738876165822952,-0.20479809921772507
0.017021492251765635,-0.32753096161702544,-0.1573160390993691
0.017161738183388398,-0.27871975226141665,-0.10710237042753268
0.01729607907081876,-0.22830876041881826,-0.05534796971063066
0.01740215051151406,-0.17714787021281972,-0.0031263650976791346
0.017469660613677718,-0.1260617970473261,0.048634809089451086
0.017500032349353933,-0.07583193298557557,0.09916839050796376
0.01750499216725787,-0.02718101129160076,0.14786891038097796
0.017504353692322283,0.019238920338359253,0.19428245726158208
0.01752331550100905,0.06285496716928163,0.23808812217937214
0.017589605919210882,0.10317829427125676,0.27907435346336557
0.017730770964774822,0.13980570458450364,0.31711341423225187
0.017971829328666256,0.172418311682968,0.35213660496963056
0.018333430381966664,0.200777863547277,0.38411216736694365
0.018830566051107334,0.22472133979335504,0.4130270003044284
0.019471818260669238,0.24415444664890035,0.4388726292555927
0.020259077032342976,0.25904458235316863,0.4616353526765984
0.021187640682314157,0.26941375654737415,0.4812901633705157
0.022246605079825343,0.2753318380595701,0.49779788885782356
0.023419457778456554,0.2769103920317324,0.5111049698162979
0.024684808960301563,0.2742972616533468,0.5211453512563624
0.026017209449784584,0.2676719594474688,0.5278440539453146
0.02738802292677578,0.2572418614795331,0.5311220907472909
0.028766332742124923,0.24323914509302466,0.5309024725142739
0.03011987247824699,0.2259183747277795,0.5271170995102494
0.03141597354735204,0.20555461789029428,0.5197143533638147
0.032622523188512,0.18244196106538532,0.5086671929505053
0.03370892304694273,0.15689229030467594,0.49398152077410323
0.034647033103310854,0.12923420110348954,0.4757045321365981
0.03541207916032452,0.09981190547062418,0.45393269707386935
0.035983495511084485,0.06898401003274411,0.42881896514358897
0.036345668914546714,0.037122047437405284,0.4005787365828724
0.03648854661821899,0.004608654508555716,0.3694941206907456
0.0364080707716421,-0.028164694898746994,0.33591601281767397
0.03610640478772309,-0.06080047600296109,0.30026357187426983
0.03559192429893265,-0.09289846904567475,0.26302077394365175
0.034878956150338425,-0.12405970862574091,0.22472985287764335
0.033987262724179956,-0.15389101827331034,0.18598160896848923
0.032941284707317386,-0.18201008684816597,0.1474027602250079
0.03176917175923322,-0.2080510058109448,0.10964071178138737
0.03050164581660919,-0.23167014847774733,0.07334630968834457
0.029170754438925695,-0.252552236336937,0.039155308052319926
0.02780858039175227,-0.2704164059643762,0.007669397953146473
0.026445977760761963,-0.2850220656452404,-0.02056228803762078
0.025111404000695448,-0.29617431589834564,-0.045060275891391166
0.023829911668322712,-0.30372870461250934,-0.06542958792928222
0.022622353779570226,-0.307595096632323,-0.08137155883662073
0.021504843608705748,-0.3077404596820476,-0.09269202359499013
0.020488494218947384,-0.30419040285784815,-0.09930546066837431
0.019579445951034113,-0.2970293490120191,-0.10123488950167797
0.01877917232178916,-0.28639927588014585,-0.09860755266225424
0.018085037139861537,-0.272497019851912,-0.09164664845329662
0.017491059094360217,-0.2555701975675264,-0.08065960662392424
0.016988825774961306,-0.23591186057658564,-0.06602360282697259
0.01656848837582237,-0.21385405369274255,-0.04816916993451886
0.016219762580917067,-0.18976049518237437,-0.027562869373203708
0.015932861441774197,-0.16401863366583358,-0.00469001924809162
0.015699292994264095,-0.13703136024109902,0.01996156970154192
0.015512468643075652,-0.10920866322587953,0.04591602320487699
0.015368086748340561,-0.08095950631378075,0.07272136116962487
0.015264277308688625,-0.05268418916707523,0.09995858391981102
0.015201515546049205,-0.024767413985797068,0.12724774147469498
0.015182331884192823,0.0024277650096116107,0.15425108385153985
0.015210861016190513,0.028564986418899662,0.18067359658080479
0.015292282024370607,0.053338555620782734,0.2062613758644888
0.01543220440633375,0.07647633919708416,0.23079838326042165
0.015636051909589277,0.09774162260530009,0.25410214170119283
0.01590848858197047,0.11693401682822792,0.2760189026479326
0.0162529211211212,0.13388953187841893,0.2964187430896309
0.016671100228329738,0.14847995532417613,0.3151909576074735
0.017162832772192882,0.16061168258949116,0.33224001031142
0.017725807247753078,0.1702241438577456,0.3474822163352764
0.018355527882024325,0.17728796191276666,0.3608432407330099
0.01904534793368562,0.18180295850895797,0.3722564378458142
0.01978659005570682,0.1837961062655323,0.38166200682260054
0.02056874060548841,0.18331950081604018,0.3890069068709243
0.021379704973669256,0.18044840582089194,0.3942454555575845
0.022206111843261822,0.17527940281288026,0.39734052124549846
0.02303365534439994,0.16792865957517297,0.3982652130191724
0.02384746500895296,0.15853031532211648,0.3970049654116461
0.024632494050164766,0.147234968521619,0.39355990902326665
0.025373916710148214,0.13420824370189485,0.387947410803377
0.026057525249237212,0.1196294068373759,0.380204659329748
0.02667011669318764,0.10368999467113978,0.37039116160301616
0.027199858862077875,0.0865924213702077,0.3585910099909865
0.027636624668083587,0.06854852602567905,0.34491477270651494
0.027972283389727237,0.049778026547031846,0.3295008604443042
0.028200937798802173,0.030506849343373877,0.3125162273313956
0.02831909679242406,0.010965309740148893,0.29415627766438945
0.028325774674504145,-0.008613874749158828,0.27464387199588264
0.02822251047867963,-0.02799774751833019,0.2542273572684661
0.028013303690071267,-0.046955451592351774,0.2331775853083609
0.027704466285648155,-0.0652607322453625,0.21178393061111905
0.027304394975080748,-0.08269458010571236,0.19034936964509513
0.026823271626161937,-0.09904797945127873,0.16918473681034063
0.02627270380226643,-0.1141247148385771,0.14860232318408717
0.025665320814732606,-0.12774417859604248,0.12890902955128358
0.02501434341214781,-0.13974411269603107,0.11039932142544703
0.024333146952969842,-0.14998321174343895,0.09334825778625946
0.023634838472779585,-0.15834350986469864,0.0780048748630972
0.022931867385671212,-0.16473247362285812,0.064586200233854
0.022235687666694592,-0.16908472603911778,0.05327215062782814
0.02155648635344376,-0.17136333349030017,0.04420153004413743
0.020902989262501004,-0.171560597577763,0.037469295047247025
0.020282350186628162,-0.16969830770128197,0.03312519416499965
0.01970012481486505,-0.16582742647889623,0.03117382166975427
0.019160325524640864,-0.16002719859662595,0.03157605664978269
0.01866554837153167,-0.15240369326606032,0.034251790449256386
0.01821715938290058,-0.14308781023035777,0.03908378359864803
0.01781552395455377,-0.1322327981688319,0.045922441376705786
0.01746026101101128,-0.1200113514100044,0.054591258700108405
0.017150502796757228,-0.10661236516318486,0.06489266280438742
0.01688514178926226,-0.09223744025676242,0.07661397763586017
0.016663048212289144,-0.07709723506450662,0.08953324705838482
0.016483244798651375,-0.06140776458749639,0.10342468339901736
0.01634502950687544,-0.04538674448575642,0.118063550582998
0.016248041450707795,-0.029250071444322626,0.13323034306275533
0.01619226992643208,-0.013208521102340347,0.14871417816198043
0.016178010702946555,0.0025352684097183827,0.16431537543918392
0.016205777317169656,0.017789474596883553,0.1798472477685801
0.01627617773835155,0.03237539411602578,0.19513717149954127
0.016389768300439922,0.046129351981573155,0.21002703498597236
0.016546897251703108,0.05890421249568199,0.22437318501271308
0.0167475497480708,0.07057050201725504,0.23804599949796304
0.016991204816534933,0.08101716547314303,0.25092921363849235
0.01727671297811617,0.09015198760991969,0.2629191173910814
0.017602201094676584,0.09790171621202633,0.27392372715879215
0.017965008814821215,0.10421192791697406,0.28386201606518624
0.018361658920190926,0.1090466780696286,0.29266326727153785
0.018787862037323855,0.1123879746412883,0.30026659501452685
0.019238554647794004,0.1142351130468751,0.30662065952481515
0.01970796811698161,0.11460390421240425,0.31168358538222035
0.020189725548539258,0.11352582295477547,0.31542307844016804
0.020676962612942603,0.11104709807697195,0.317816724206398
0.021162468039960025,0.10722775993263386,0.31885244033223414
0.02163883915299103,0.10214065588212698,0.31852904741203725
0.022098647614030242,0.09587043928198422,0.31685691542228667
0.022534610411652722,0.08851253358785768,0.31385863770438494
0.02293976104721296,0.08017206991617463,0.30956968038830424
0.023307615858150332,0.0709627940618445,0.3040389526433478
0.023632330476370367,0.06100593753122582,0.2973292422949295
0.02390884157729012,0.05042904661431807,0.28951746238721926
0.024132989358164436,0.03936476385792398,0.28069465743956834
0.024301616618182642,0.027949557462577795,0.2709657236444042
0.02441264091634865,0.01632239604255242,0.2604488052060389
0.024465097064286456,0.004623368773619892,0.24927433941648444
0.024459148163316957,-0.007007745899245756,0.23758373573392383
0.024396064495764147,-0.018432956239718527,0.22552768871792295
0.02427817079010941,-0.029517567262202483,0.21326414063889162
0.02410876364400716,-0.040131710235123894,0.20095592620494768
0.023892002142109292,-0.05015187313526435,0.18876814828582858
0.023632775873930978,-0.059462409910950496,0.17686534882835928
0.023336555566108252,-0.06795700326184269,0.16540855239923985
0.023009232323841555,-0.07554005317659956,0.154552270061816
0.022656951969773242,-0.08212796187280326,0.14444155782492918
0.022285951133060422,-0.08765028521427774,0.13520922611632646
0.021902401555767614,-0.09205072125736201,0.12697329430031412
0.021512268549534586,-0.09528790836802162,0.11983477712732424
0.021121188678137837,-0.09733600836495705,0.11387587841642131
0.020734370608693986,-0.0981850543260494,0.10915865176089046
0.02035652173306912,-0.09784104792760272,0.1057241694030885
0.019991801693954425,-0.09632579728728662,0.10359221965225764
0.019643802449162973,-0.09367649301780075,0.10276153147382898
0.01931555306875332,-0.08994502729118789,0.10321050339634533
0.01900954617502737,-0.08519706785747062,0.10489839389280307
0.01872778188785329,-0.0795109058383018,0.1077669130402311
0.01847182439321049,-0.07297610241589252,0.11174214151621238
0.018242865855568446,-0.0656919649743673,0.11673669358131716
0.018041792362938125,-0.057765887581651756,0.12265203604772949
0.01786891399369228,-0.04935940239196901,0.1293297375449538
0.017724550181511756,-0.040602817586182324,0.13664268422893522
0.017608889193023725,-0.03162605564752179,0.14446283628271545
0.017522012164195466,-0.022557062568144808,0.15266305907380986
0.01746428383153331,-0.013408135833476675,0.16123470248185645
0.017435734766877875,-0.0043012282891897995,0.17005611937958895
0.017436296903540427,0.004647380178713044,0.17901034921411732
0.017465783200647067,0.01332846024619695,0.1879862922526676
0.017523859109334516,0.021641011986773488,0.19687960308011865
0.017610011061267805,0.02949131178724532,0.20559142239992337
0.01772351055414756,0.03679396962466232,0.2140290751661379
0.017863378711087563,0.04347276726351868,0.2221065543743943
0.018028354422539805,0.049461287012986334,0.22974483123838438
0.018216868774941997,0.05470334407785416,0.23687203182727412
0.018427027818781028,0.05915326982740901,0.2434235480152193
0.01865660534543956,0.06277605422425182,0.2493421076786474
0.018903046769636056,0.06554735812861143,0.254577825824972
0.019163484639038497,0.06745340765841563,0.2590882540488006
0.019434765744796856,0.0684907833871248,0.26283844083509333
0.01971348931037431,0.06866611655175324,0.26580100965549636
0.019996055298874715,0.06799570349978538,0.26795625648853255
0.02027872150755039,0.06650504842433178,0.2692922634998357
0.02055766781468016,0.0642283431247917,0.2698050212715933
0.020829065707978045,0.061207891184605845,0.2694985482643863
0.021089151053485633,0.05749348267551916,0.2683849932103755
0.021334297957646964,0.053141724359501326,0.26648470393597096
0.021561091531758336,0.0482153294272901,0.2638262447448735
0.021766397386731917,0.042782370131512794,0.260446343998832
0.021947425767272488,0.0369154962707664,0.2563897539434913
0.022101788378289022,0.03069112237127861,0.25170900615416886
0.022227546162181255,0.024188586592793132,0.24646404821460569
0.022323246551597453,0.017489284839019854,0.24072175035499438
0.022387949044149646,0.010675784252435434,0.2345552746939319
0.02242123831634446,0.0038309211783326257,0.22804330434177722
0.022423224503352213,-0.0029631102551027,0.22126913477841942
0.02239453070566944,-0.009625671634346477,0.21431963542234791
0.0223362682267414,-0.016078587335599897,0.2072840949318141
0.022250000478428514,-0.02224703552158669,0.20025296926269845
0.02213769689381495,-0.028060412355137367,0.19331655658301214
0.02200167853913859,-0.033453157857187645,0.18656362753419828
0.02184455739983182,-0.03836553121600419,0.18008004278231401
0.021669171513735375,-0.042744323042507616,0.17394739209484614
0.021478518225475085,-0.04654349211319051,0.16824169014156035
0.021275687832820633,-0.04972471458416529,0.16303216374404106
0.021063799787495174,-0.05225783451791316,0.15838016335703858
0.020845943404418477,-0.05412120584019899,0.15433822820398577
0.02062512473593303,-0.05530191752109516,0.15094932983823517
0.020404220897835224,-0.05579589581356572,0.1482463131647865
0.020185942713294547,-0.055607879729439744,0.1462515474035057
0.019972806093439655,-0.05475126851248131,0.14497679242191525
0.019767112125718245,-0.05324784259451708,0.14442327866266536
0.0195709354191127,-0.05112736229625193,0.14458199189487508
0.01938611988309269,-0.04842705125716777,0.1454341475737591
0.01921428081548171,-0.04519097414668857,0.14695183400812853
0.019056811958809927,-0.041469320524636075,0.14909879906346318
0.018914896064879175,-0.03731760869657054,0.1518313519522212
0.018789517486085372,-0.0327958249771591,0.15509934988369461
0.018681475385706747,-0.027967514879899586,0.15884723897716788
0.018591396317771736,-0.022898843362410767,0.1630151198153066
0.01851974515473953,-0.01765764136498111,0.1675398101824142
0.01846683361863599,-0.01231245549974023,0.1723558806866197
0.018432825976677947,-0.006931616914593869,0.1773966428521856
0.018417741773497087,-0.0015823441237779539,0.18259507361119293
0.018421455767719475,0.0036701069647226353,0.1878846646419174
0.018443695502517676,0.008763234405014067,0.19320018943019082
0.018484037153286614,0.01363801350850136,0.1984783850413675
0.01854190045095183,0.018239544683986753,0.20365854919350507
0.018616543571547406,0.022517620475886024,0.20868305619136007
0.01870705891123403,0.026427208418166696,0.21349779753050702
0.01881237063464436,0.029928848144308535,0.21805255449075214
0.01893123480031489,0.03298896282294011,0.222301310826089
0.019062242739378732,0.035580086391197585,0.2262025137849849
0.01920382820326505,0.037681009213828984,0.2297192912464795
0.019354278613961218,0.03927684570127009,0.23281963184088228
0.01951175055712595,0.04035902808220521,0.23547653365346471
0.01967428946381322,0.04092523096524636,0.23766812560337858
0.01983985323924886,0.040979231567466336,0.23937776395995494
0.02000633942416874,0.04053071056861553,0.2405941048103029
0.02017161532112377,0.03959499850559855,0.24131115171683626
0.020333550389512234,0.03819277249009091,0.24152827638521324
0.02049005011157956,0.03634970784992789,0.2412502089657235
0.020639090459718457,0.03409608909579056,0.24048699369297513
0.020778752054111504,0.031466384428696814,0.23925390496981186
0.02090725308968333,0.028498787855268343,0.23757131875210166
0.021022980132251345,0.025234732885211237,0.2354645342077247
0.021124515934852317,0.02171838176173103,0.2329635411102542
0.02121066350491152,0.017996094226498713,0.23010272927561393
0.02128046575889808,0.014115879946466924,0.22692053753544775
0.021333220230226765,0.010126838924579181,0.22345904122684684
0.021368488444442613,0.006078594468809066,0.2197634789132352
0.021386099738324504,0.0020207235886288495,0.21588172097187389
0.021386149470851712,-0.0019978099954475644,0.21186368471306954
0.021368991747768407,-0.005929214727230502,0.20776070275045355
0.021335226951075814,-0.009727416181902699,0.20362485332885544
0.0212856845234084,-0.013348582091167956,0.19950826314291603
0.021221401598248257,-0.01675162122872412,0.19546239475375846
0.021143598184296786,-0.019898649893162004,0.19153733194980585
0.021053649700826238,-0.022755419781514123,0.18778107722674825
0.020953057716636025,-0.025291701240235782,0.18423887592612448
0.02084341976587656,-0.027481616223506002,0.18095258143525958
0.020726399098904502,-0.02930391578823767,0.17796007520080737
0.02060369517658389,-0.03074219761017048,0.17529475415566845
0.020477015635111173,-0.0317850598096217,0.17298509654149002
0.020348050340126544,-0.032426188314582306,0.17105431508668315
0.020218448019727386,-0.03266437604280429,0.16952010415446958
0.020089795823150958,-0.03250347332727453,0.16839448490423503
0.019963602003275845,-0.03195227020974618,0.1676837498230123
0.01984128177456101,-0.031024312450245208,0.16738850529536492
0.01972414626152208,-0.029737654310119866,0.16750380830510092
0.019613394332986367,-0.02811455232459037,0.1680193910052733
0.01951010702007583,-0.026181105352199682,0.1689199648485586
0.019415244145102428,-0.023966847139842918,0.17018559431118135
0.01932964274679494,-0.02150429844405919,0.1717921290238902
0.01925401687487638,-0.018828486379460208,0.17371168236930357
0.01918895834267309,-0.01597643910690143,0.17591314431982946
0.019134938067050133,-0.012986664218155189,0.17836271645234614
0.019092307686126908,-0.009898619219762147,0.18102445764150693
0.019061301221388494,-0.006752182371551929,0.183860829842333
0.019042036635947057,-0.003587131809265013,0.18683323455020556
0.01903451722851146,-0.00044264039393689786,0.1899025318911777
0.019038632887155682,0.0026432068917982676,0.19302953576335508
0.01905416130285742,0.005633866912076794,0.196175479940651
0.01908076930564473,0.008494758432286453,0.19930245148873374
0.019118014532741756,0.011193643840627581,0.20237378916804513
0.019165347666410426,0.013700968996338549,0.2053544456604428
0.019222115488431335,0.01599015853522995,0.2082113134195433
0.019287564988859085,0.01803786480325871,0.21091351469184955
0.01936084874023125,0.01982416937740805,0.21343265677972056
0.019441031707134737,0.021332736855537732,0.21574305392688511
0.019527099607819065,0.022550921242236528,0.2178219173204272
0.019617968882660985,0.02346982582038512,0.21964951464699498
0.01971249825718102,0.024084317876586315,0.22120930044839654
0.019809501818387254,0.024393000045631087,0.22248801822950362
0.019907763455765948,0.024398140360018618,0.2234757749176781
0.020006052455043388,0.02410556334381785,0.22416608789425174
0.02010313997697999,0.023524504685659337,0.22455590445545923
0.02019781610602145,0.022667432174447544,0.22464559323466204
0.02028890711789666,0.02154983569423625,0.22443890687320284
0.020375292590890992,0.02018998916276445,0.22394291507167438
0.020455921974371627,0.01860868737057908,0.22316790711429535
0.02052983023008126,0.01682896074310226,0.22212726304391484
0.02059615217673727,0.014875771112039029,0.22083729287941173
0.020654135196017442,0.012775691650559149,0.21931704361073356
0.020703149997149395,0.010556574199420113,0.21758807417091405
0.020742699186678593,0.008247207289858883,0.21567419915664482
0.02077242344787189,0.0058769682508481545,0.21360120272956706
0.020792105198656596,0.0034754728690337706,0.21139652485559973
0.020801669665634126,0.0010722261446158823,0.20908892280095714
0.02080118338220238,-0.001303722252664377,0.20670811156935945
0.020790850188507015,-0.0036241141829923547,0.2042843877020778
0.020771004877342403,-0.005861807234760269,0.20184824153866376
0.020742104690731455,-0.007991083293876964,0.1994299636134376
0.020704718924493104,-0.009987937925119096,0.19705925131981195
0.02065951694077084,-0.011830347131692032,0.19476482227601635
0.020607254919680074,-0.013498508239087326,0.1925740409577134
0.020548761700001972,-0.01497505189114422,0.1905125651088755
0.020484924064708032,-0.016245222449816174,0.18860401819726413
0.020416671820236765,-0.017297024455990385,0.18686969374637727
0.020344962999568228,-0.018121333232614965,0.1853282967630673
0.020270769489562745,-0.01871196818831118,0.1839957267073163
0.02019506334451604,-0.019065727901737106,0.1828849055434233
0.02011880400262278,-0.019182386623322868,0.18200565340290495
0.02004292657242024,-0.019064652411134936,0.18136461331306744
0.01996833130496467,-0.018718087706630467,0.18096522534301623
0.019895874316921525,-0.01815099374117284,0.1808077494280424
0.019826359582391984,-0.01737426073017268,0.18088933509374716
0.01976053216929552,-0.01640118634401883,0.18120413534893637
0.019699072661057748,-0.015247265431235153,0.18174346117934234
0.019642592677597714,-0.013929954395876496,0.18249597238010065
0.019591631391710607,-0.012468413989027592,0.18344789992807847
0.019546652928116526,-0.010883234554664615,0.18458329472650065
0.01950804453221977,-0.009196147967359923,0.18588429735483777
0.01947611540311467,-0.007429730611349603,0.18733142341979708
0.01945109609929707,-0.005607101775807899,0.18890385921716282
0.019433138444242104,-0.0037516217838119556,0.1905797626586091
0.01942231588075094,-0.0018865940361893093,0.19233656477132008
0.0194186242458656,-3.497494267667291e-05,0.19415126751597933
0.01942198296041875,0.0017809045452897153,0.1960007341494772
0.019432236647302314,0.003539602449139323,0.19786196892216246
0.0194491572089035,0.005220811254885157,0.19971238334392016
0.019472446405821575,0.006805582806987923,0.20153004686520368
0.019501738985217898,0.008276530360208452,0.20329392021238743
0.019536606407643212,0.009618006003834811,0.20498407008026692
0.019576561215919778,0.010816252079623969,0.20658186423882174
0.019621062079029365,0.011859525622902488,0.20807014641319613
0.019669519528567214,0.012738195245986015,0.20943339053165816
0.01972130238607095,0.013444810249126719,0.2106578341098362
0.01977574485745537,0.013974142083844131,0.2117315906583978
0.01983215424701834,0.014323198603277139,0.21264474107346054
0.01988981921924704,0.014491211813236538,0.21338940400570694
0.019948018513079813,0.014479600086342663,0.2139597852171408
0.02000602999146528,0.014291906021202767,0.21435220593585555
0.020063139890285075,0.013933711320439763,0.21456511022329053
0.020118652115087787,0.013412530228562163,0.21459905137944005
0.02017189742344705,0.012737683215494424,0.21445665744996492
0.0202222423245062,0.011920152717224531,0.21414257596228653
0.020269097526424917,0.010972422853121677,0.21366339811737084
0.020311925766825834,0.009908305133851124,0.21302756280210947
0.02035024887093373,0.008742752254157635,0.21224524096349492
0.020383653896609455,0.007491662134250451,0.211328201100345
0.020411798244446167,0.006171674430968345,0.21028965687543
0.020434413633909188,0.004799961786149998,0.20914409812524187
0.020451308872384003,0.003394018113971545,0.20790710683781158
0.02046237137208118,0.0019714462486709627,0.20659515996948274
0.020467567399076625,0.0005497472804107818,0.20522542127117704
0.020466941068369215,-0.0008538861066219997,0.20381552457707017
0.02046061212765249,-0.002222770010938018,0.20238335126558687
0.020448772599627407,-0.0035409211752164627,0.20094680482105762
0.020431682377166083,-0.004793238183766659,0.19952358558789418
0.02040966388672716,-0.005965669945682466,0.19813096892158913
0.02038309595246035,-0.007045369548968661,0.19678558997563483
0.02035240700594798,-0.008020831726247648,0.19550323833323216
0.020318067794243166,-0.008882012360236157,0.1942986655821955
0.020280583741699942,-0.009620428669493605,0.1931854087475058
0.020240487119162598,-0.010229238952875377,0.19217563223875062
0.02019832916774067,-0.01070330103140274,0.19127999064600396
0.020154672314120048,-0.011039208805007479,0.190507514336193
0.02011008260080993,-0.011235306635176003,0.1898655193729233
0.020065413833646233,-0.013248626231409572,0.18740551210505277
0.01999410102992225,-0.02507063218658341,0.17487037811263906
0.019874014582402816,-0.03704033806287803,0.16169980776115012
0.019704231988685,-0.049169199971992726,0.14787311991485727
0.0194837443599171,-0.06147012234367914,0.13336732125549183
0.019211796138558265,-0.07834954253951842,0.11376841884606423
0.01888806009510744,-0.09087857469346405,0.09800202625761034
0.018516508375325962,-0.10321157764918026,0.08195350610407937
0.0181010834822844,-0.11519203846228061,0.06581879636056338
0.017646856478654525,-0.12667351990342915,0.04979504488311609
0.01716027165622213,-0.14244467940529018,0.029158037156931133
0.016649396886540883,-0.1524998175751243,0.013994151290284529
0.016122139403820936,-0.16161957712426125,-0.000398183086051912
0.015586485595159605,-0.16970933082898096,-0.01384447487738491
0.015050471951005498,-0.1766889091363512,-0.026184189626296234
0.014522765712802308,-0.17683324107478962,-0.03160558394676655
0.014010663840209471,-0.18114496936677574,-0.04103833096468104
0.013521768636633614,-0.1841447645839349,-0.04892707821759876
0.013059078819645702,-0.1799366559970047,-0.04934586780054767
0.012628984262546388,-0.17423461411456123,-0.04794477148909734
0.012328055524223723,-0.20407967577689456,-0.08079912053465733
0.011906454357424304,-0.1835485930096316,-0.06448404943538857
0.011550100887381672,-0.16159922348132694,-0.04609821460751021
0.011253561533881115,-0.14473301719915302,-0.03219740186034187
0.011003859776367836,-0.12631304816107822,-0.01627445039739986
0.0107896804104983,-0.11322855079879836,-0.005331746693815365
0.010606337643579844,-0.09964336809389304,0.006420008341905398
0.010450887656936882,-0.08587478634507872,0.018634090224290106
0.010319593166645205,-0.0655989153932052,0.03759701627324685
0.010212282325253617,-0.05218994498176049,0.04993287827077569
0.010128264292641014,-0.039262720730103486,0.06201992219630665
0.010066502069338436,-0.02697363841764372,0.07369138227574064
0.010025471893874937,-0.015570121096458691,0.08468459784229068
0.010003785292099967,-0.005155510460999912,0.09488234245999977
0.009999705220142256,0.004185457667299506,0.10418250986872207
0.010009533882570169,0.005269574365413342,0.10536491319111503
0.010030408240895794,0.01222443532115981,0.11252851773011775
0.010057852948703597,0.010703181868009119,0.11128171135504508
0.01008733043589114,0.007828629401026384,0.10870193375993778
0.01011217854171739,0.011175231690326793,0.11229701710750069
0.010126892578762581,0.0059809963681818025,0.10724992215580761
0.010126150891988088,-0.00023326010298168888,0.10102824881689919
0.010104378886842829,-0.014922317818525422,0.08612147104990288
0.010056842830959811,-0.022834839910139418,0.0777335883994587
0.009980341123957459,-0.031347755082100644,0.06845565615747395
0.009872655090304019,-0.04027189588504053,0.058454655017999665
0.009733631507147258,-0.057083852824548836,0.04025246224692375
0.009563177825182661,-0.06605489085648003,0.029576887395346585
0.009365305940349579,-0.07478746135001979,0.018865598053476
0.0091434481408418,-0.08312498349235645,0.008309497916061559
0.008903354109566202,-0.09079161379051622,-0.0017580726948541875
0.008650579305065846,-0.09767044315814925,-0.011164650107490792
0.008391005635988054,-0.1036564522529055,-0.01974639589302496
0.008130658779800503,-0.10865831059404052,-0.027351722796035496
0.007873752442150559,-0.10492527675320135,-0.026187752331695763
0.007626100772211059,-0.10780690713093986,-0.03154589940882928
0.007391686337067899,-0.10195807241965639,-0.028041209048977403
0.007174882584572323,-0.09505352346692846,-0.023304697621205225
0.006975004816860232,-0.09473966387779618,-0.024989615709193863
0.006795817721143031,-0.08597854335586874,-0.01802036614443843
0.006637526330911461,-0.07647759733583732,-0.010102334026722712
0.006503332757939387,-0.05904285049753543,0.005990477081858438
0.006384397036793181,-0.055763294379633316,0.008080675988298494
0.006290282181534856,-0.04475020464412944,0.018152617171219125
0.006217629371413097,-0.03351926532499842,0.028657028389132554
0.006165803242529385,-0.02234743730049409,0.03931059512479976
0.006135079595932647,-0.011241063058130009,0.050109732901196455
0.006125400040390958,-0.00033839325892919973,0.060915607144980385
0.006136670366010264,0.01023378510423145,0.07160048876433409
0.0061687120702621865,0.0203633061935193,0.08205042689614116
0.006221210193840924,0.029950700920798108,0.09216280285920735
0.006293661756329706,0.038909784640978586,0.10184640220427565
0.006383720029136786,0.04057311479435598,0.10441031508572383
0.006491225142097282,0.04814675899239239,0.1130590104133652
0.006615211254831294,0.05491611870146821,0.12106823124978114
0.006750696282179544,0.05452104207272013,0.12202800489451557
0.006905421759895695,0.06603574610305142,0.13508996370200838
0.007108820175154528,0.0829146337895551,0.1540028355411004
0.007364143573320453,0.09885853259702942,0.17249996833023395
0.007376330957452373,0.05324688875724135,0.12701019833176508
0.007538964645569195,0.05575937750086572,0.13114902395655767
0.007699912005908359,0.05160883307744746,0.12860795313653106
0.007855223235146981,0.0465311307424085,0.1250833630938783
0.007997602369492516,0.04145384858626626,0.12142987228119141
0.008127177498256009,0.03635282303378008,0.11762459801634016
0.008243642635154019,0.03654540655314329,0.11898183290468348
0.00834640579045394,0.031554070077421975,0.11501812798196137
0.008437199973504242,0.026804498672349453,0.11117649840739187
0.008517309109751748,0.022369201627219736,0.10754229272473723
0.008588358507305703,0.018223989291148966,0.104107574364206
0.008649953859144521,0.01914148109720739,0.10564101968865261
0.008705545998269216,0.0156576817886151,0.10271314177130725
0.008756485803619863,0.017159069699179474,0.1047239277353781
0.008803744799703658,0.014517795363028902,0.10255524336006548
0.00885069456213295,0.01666988166310417,0.10517682728443367
0.008897237099731004,0.014827218818869854,0.10379958981617989
0.008946504704260316,0.01757859212890324,0.1070436391715064
0.008999026553776506,0.016461935988137947,0.106452201525903
0.009056106825120735,0.019730116210136005,0.11029118446134337
0.009119719992491015,0.02320483796220577,0.11440203788711592
0.009189651029369195,0.024862495178741065,0.11675900547243301
0.009283783488842623,0.036404992883293574,0.1292428277717198
0.009413506419282847,0.04790363781954761,0.14203870201237606
0.009579007658938377,0.059295762799514776,0.15508583938889853
0.009780284076148948,0.07055628769094646,0.16835912845243595
0.010018315394777932,0.0814946954673249,0.18167784941510423
0.010293878985623728,0.09194067050664685,0.19487946036288412
0.010607466899341222,0.10174241821757798,0.2078170872109902
0.010959206319213433,0.11076461409284406,0.22035667728497838
0.011348757782310148,0.11888921969449036,0.23237679751759183
0.01177522668844544,0.12601588687653434,0.24376815376098873
0.012237093577541103,0.13206204698079,0.254432982756201
0.012732166760855979,0.13696277444972876,0.26428444205828855
0.013257559826981069,0.14067045829751554,0.27324605656732626
0.013809695025416957,0.14315431506958093,0.2812512653237505
0.01438433224518354,0.14439977455943487,0.28824309701127027
0.014976622268338069,0.1444077654163364,0.29417398809971707
0.0155811821649956,0.14319392321619565,0.2990057448661516
0.01619219008019135,0.14078773888734414,0.3027096396892576
0.016803496208333435,0.13723166085215233,0.3052666229354867
0.017408746423400068,0.13258016008665705,0.30666762432065775
0.018001514802382435,0.12689876367545833,0.30691391169928267
0.018575441125743275,0.12026305945759888,0.3060174707150316
0.01912436935156725,0.1127576720865291,0.3040013656022016
0.019642483039735925,0.10447520929292398,0.3009000396902832
0.020124433756923743,0.09551517634347839,0.2967595139127158
0.020565458635869227,0.08598285660870908,0.29163744296740135
0.020961483508878942,0.07598815674520432,0.28560299183399374
0.021309208399402646,0.0656444162019967,0.27873650019602314
0.02160617264569975,0.055067182499337015,0.2711289089563345
0.021850797547678713,0.04437295590757604,0.2628809313843632
0.022042405162545187,0.033677909664151864,0.2541019612896037
0.022181212706308795,0.02309659458324831,0.24490872164633626
0.022268302914794535,0.012740639697193178,0.23542366884513855
0.02230557163834579,0.00271746327289211,0.22577317965635
0.022295654840676526,-0.006870988983029064,0.2160855594237362
0.022241837992763358,-0.01592945963225597,0.2064889202953776
0.0221479515465699,-0.024370528675667063,0.19710898679003194
0.022018256695451655,-0.032115674840895114,0.18806689211362143
0.021857325942393757,-0.03909622750782443,0.17947703191611314
0.021669923080945175,-0.045254188490751725,0.17144504231870003
0.021460887039188137,-0.050542904455789586,0.1640659659360918
0.021235023653138452,-0.05492757316071453,0.15742266337066999
0.02099700884730593,-0.05838556990358612,0.1515845185694732
0.020751305945535314,-0.06090658445271947,0.14660647500263368
0.020502098964842563,-0.0624925631609032,0.14252842648752242
0.020253242815901462,-0.06315745576417285,0.13937497239484176
0.020008230406414196,-0.06292677132983364,0.1371555327343083
0.019770175776152143,-0.06183695273678124,0.1358648050247402
0.019541811637469042,-0.059934583730929136,0.13548353264376128
0.019325499095070864,-0.057275446799103395,0.13597954415160524
0.019123246903591795,-0.05392345367042696,0.137309015365491
0.018936737406430204,-0.0499494730426534,0.13941790102164864
0.018767356284339787,-0.0454300820426446,0.14224348080075327
0.018616223413304933,-0.04044626891183174,0.1457159652212176
0.018484222461221833,-0.03508211445455121,0.14976011015766713
0.01837202730537557,-0.029423478941935855,0.15429679411181985
0.018280123884958144,-0.02355671951101607,0.15924451933856537
0.018208826669916522,-0.017567460757905305,0.16452080594125992
0.018158289486227996,-0.011539438341170974,0.170043456521109
0.018128510949813936,-0.005553432148534268,0.1757316773496051
0.01811933519640352,0.00031369789620346337,0.18150704986023866
0.01813044893133675,0.005989863835784151,0.18729435314915166
0.01816137605020751,0.011408483374818628,0.19302224387689373
0.018211471196500018,0.016509092352819495,0.19862380431781967
0.018279913632235356,0.021237835969416387,0.20403697229176995
0.01836570271493443,0.025547841217978436,0.20920486836732272
0.018467656116044395,0.0293994750354529,0.21407603619589685
0.01858441170179237,0.03276049427196476,0.21860461128988845
0.018714433747096137,0.03560609473874685,0.22275043220970822
0.01885602388523422,0.03791886733717059,0.22647910618951278
0.01900733692709311,0.03968866965253678,0.2297620389234679
0.0191664014274342,0.04091242147102472,0.2325764357453667
0.01933114464240049,0.04159383251021902,0.23490527893422392
0.01949942132000615,0.041743070307695355,0.23673728350775686
0.019669045598477375,0.04137637575011776,0.23806683173489152
0.01983782515889132,0.0405156332044592,0.2388938847933724
0.020003596689535996,0.039187901682651925,0.2392238685780119
0.020164261669427752,0.0374249129719583,0.23906752966623582
0.02031782146634553,0.03526254222710769,0.238440756890563
0.020462410768425254,0.032740256168346325,0.23736436385259888
0.020596328425408483,0.029900543774452743,0.2358638280285376
0.020718064862818686,0.026788334205311883,0.23396898283349873
0.02082632534617801,0.023450406630540294,0.2317136600923204
0.02092004850862139,0.019934796668199854,0.22913528175441378
0.020998419709234994,0.01629020423369742,0.22627440132604737
0.021060878955750262,0.012565407743233076,0.2231741973007357
0.02110712329812392,0.008808689783297154,0.21987992276453636
0.021137103772680632,0.005067279522105942,0.21643831724891227
0.021151017143596906,0.0013868172736428207,0.21289698870961188
0.021149292843092304,-0.0021891532967258046,0.20930377513419723
0.02113257564785398,-0.005619659837083342,0.20570609664145645
0.021101704741643523,-0.008866737459560637,0.2021503099568746
0.021057689898329013,-0.011895821210866096,0.19868107777242403
0.0210016855728572,-0.014676090047565303,0.19534076568100667
0.020934963708262533,-0.017180757983396116,0.19216887909922922
0.020858886054835768,-0.019387308693732213,0.18920155185462548
0.020774876754747762,-0.02127767060556313,0.1864710969419145
0.020684395874976058,-0.022838330357168733,0.18400562839259185
0.020588914477968956,-0.024060383460209916,0.18182876131947964
0.02048989170879212,-0.024939522013757556,0.17995939507416364
0.020388754255957764,-0.025475960375866875,0.17841158218371075
0.020286878417494325,-0.02567430076290292,0.17719448341204033
0.020185574880717372,-0.025543341786991226,0.1763124070201825
0.020086076209725245,-0.025095833925773654,0.1757649281714788
0.019989526934216073,-0.02434818681577643,0.1755470825263843
0.019896976050774562,-0.023320134043981137,0.17564962646376447
0.019809371686282606,-0.022034361758763714,0.17605935510406234
0.019727557633689052,-0.02051610791442942,0.1767594684224611
0.01965227145302606,-0.018792739291446942,0.17772997523881365
0.019584143833795142,-0.01689331359259096,0.17894812474536045
0.019523698936029454,-0.014848133905317602,0.18038885545497693
0.01947135546307477,-0.012688302650053995,0.1820252519806937
0.019427428265280877,-0.010445281816140775,0.183829000836668
0.019392130326091994,-0.00815046583917021,0.18577083742174974
0.019365575036203175,-0.005834772916720693,0.18782097744531107
0.0193477787135361,-0.003528259916926914,0.1899495272184341
0.019338663373409393,-0.0012597653310847292,0.1921268684030092
0.019338059791783824,0.0009434160196176751,0.1943240139374559
0.019345710932872073,0.0030558235662028854,0.1965129328949236
0.01936127582983138,0.005054084652886406,0.1986668429512002
0.019384334013315296,0.006917129787976126,0.2007604699211291
0.019414390577971563,0.008626368672751222,0.20277027445246684
0.019450881962542965,0.010165826824654379,0.20467464645008404
0.019493182496665984,0.011522243173778084,0.20645406814043793
0.01954061173869004,0.012685129510998766,0.20809124689789915
0.01959244259582915,0.01364679309571138,0.2095712190540029
0.01964791018292944,0.014402324094968288,0.21088142592426268
0.01970622134106037,0.014949549825309237,0.21201176323591295
0.01976656470386473,0.015288958009977467,0.21295460504862476
0.019828121169875423,0.01542359145245475,0.213704803151209
0.01989007461405201,0.015358916670537764,0.21425966281105788
0.019951622652773615,0.015102669138935224,0.21461889566667136
0.020011987264056508,0.014664677860737541,0.21478455050130263
0.020070425059391717,0.01405667203378123,0.2147609226276984
0.020126237005321457,0.013292072603568671,0.21455444265678325
0.020178777401496983,0.012385771502940512,0.21417354551791035
0.020227461937211366,0.01135390137404272,0.21362852074615638
0.020271774669327502,0.010213598551863472,0.2129313452451385
0.020311273790599937,0.008982762061700223,0.2120954999676996
0.020345596087269158,0.0076798113449236295,0.2111357722176152
0.020374460017617224,0.006323445377947191,0.21006804555411943
0.020397667377555884,0.0049324057858232484,0.20890907956138208
0.020415103554062064,0.0035252464731845576,0.2076762820138052
0.020426736401233825,0.0021201121985930382,0.2063874762109313
0.020432613805661415,0.0007345284014163141,0.20506066645803045
0.020432860036718292,-0.000614795548964526,0.2037138048182184
0.020427671002337888,-0.0019121476726608971,0.20236456235071798
0.02041730855119317,-0.003142977450159775,0.20103010806177193
0.0204020939773355,-0.004294041031590343,0.19972689874176466
0.0203824008931055,-0.00535352621580147,0.19847048271525355
0.020358647640369654,-0.006311156081306968,0.19727532032238956
0.020331289409081688,-0.007158270432449735,0.19615462365836714
0.020300810226192567,-0.00788788451578445,0.19512021774614122
0.020267714967608708,-0.008494724766608331,0.19418242490947873
0.020232521531984293,-0.008975241656027167,0.19334997366381576
0.020195753298398067,-0.009327600021155426,0.19262993296282524
0.020157931971379828,-0.009551647566716297,0.19202767214708197
0.020119570897187522,-0.009648862521346814,0.1915468464505284
0.02008116891555023,-0.009622281709766532,0.19118940744573576
0.020043204792199898,-0.00947641055576667,0.1909556373662323
0.020006132259848375,-0.009217116758096708,0.19084420584038703
0.019970375679802643,-0.008851509574285842,0.19085224722374058
0.01993632632307829,-0.00838780680573921,0.19097545642504368
0.019904339259197545,-0.007835191695781988,0.19120820089619348
0.019874730832838416,-0.007203662031143991,0.19154364629724016
0.01984777670301696,-0.006503873775529005,0.19197389325464062
0.01982371041628861,-0.005746981561088997,0.1924901226017971
0.01980272248431092,-0.004944478323492667,0.19308274651961652
0.019784959936558266,-0.004108036289204275,0.19374156307637838
0.01977052632051146,-0.003249351413749877,0.19445591179136473
0.01975948212397549,-0.002379993231699649,0.19521482800805526
0.01975184559663523,-0.0015112619159299572,0.19600719405042236
0.01974759395037129,-0.000654054160252486,0.1968218853434604
0.019746664919689128,0.00018126069811283545,0.1976479098950041
0.019748958664759453,0.000984953108783575,0.1984745397563781
0.019754339999771275,0.0017480332970546794,0.19929143329476742
0.019762640928495667,0.0024623380378455324,0.2000887473228022
0.01977366346718279,0.0031206036482798512,0.20085723832010774
0.019787182732207587,0.0037165248480620036,0.20158835217013787
0.019802950266432973,0.004244799332934899,0.20227430199726462
0.01982069757423366,0.004701158097779504,0.20290813384011608
0.019840139830833436,0.005082381721997576,0.20348378003033193
0.019860979727195804,0.005386302993456673,0.2039961002654147
0.019882911407605786,0.00561179639545753,0.20444091047151539
0.01990562445334687,0.005758755113180433,0.20481499964664915
0.019928807862969133,0.005828056334694315,0.20511613496438566
0.019952153977573772,0.0058215157222546565,0.20534305549799237
0.01997536229845487,0.005741832016953145,0.20549545500150182
0.01999814314498849,0.005592522811583397,0.2055739542614683
0.02002022110152657,0.005377852584170145,0.20558006359943584
0.020041338205333048,0.005102754128796838,0.20551613618212733
0.020061256831150676,0.004772744550775478,0.20538531286228223
0.020079762233122356,0.004393837012126944,0.2051914593433505
0.020096664710773204,0.00397244941866789,0.20493909652639994
0.020111801372578064,0.0035153112346188045,0.20463332496039946
0.020125037478071928,0.0030293695940633277,0.2042797443747826
0.020136267347271808,0.0025216958498596566,0.20388436932257772
0.020145414834206843,0.0019993936627591925,0.20345354200482763
0.02015243336928174,0.0014695096846251826,0.20299384337744258
0.020157305582867657,0.0009389478306795949,0.20251200365935618
0.020160042529717703,0.0004143880685638898,0.20201481336574093
0.020160682540304897,-9.77894252628747e-05,0.2015090359777861
0.020159289730893093,-0.0005915739764388359,0.2010013233324921
0.020155952208938288,-0.0010613873150173805,0.2004981347743655
0.02015078001411208,-0.0015021390978569229,0.20000566104326387
0.020143902837964855,-0.0019092745759487827,0.19952975380369978
0.020135467566810394,-0.002278814045867948,0.199075861622236
0.02012563569299264,-0.002607383832658442,0.19864897309726795
0.020114580639243762,-0.00289223866531308,0.19825356772712455
0.020102485039531715,-0.0031312754169536532,0.1978935749783635
0.020089538017669994,-0.003323038295452602,0.19757234188124734
0.020075932502231275,-0.003466715675087299,0.19729260934722545
0.02006186261296783,-0.0035621288662452304,0.19705649726343305
0.020047521150377,-0.0036097132148697453,0.19686549828890026
0.020033097215836015,-0.003610492015014572,0.1967204801433456
0.02001877398750107,-0.0035660437976244106,0.1966216960773863
0.020004726668035655,-0.0034784636302539244,0.19656880305010263
0.019991120624987868,-0.003350319123372973,0.1965608871265057
0.019978109732301075,-0.003184601886442507,0.19659649543656824
0.019965834923252324,-0.002984675215729539,0.1966736740167937
0.01995442296028216,-0.00275421881862571,0.1967900107841959
0.019943985424549115,-0.0024971713932501545,0.196942682852241
0.019934617925607245,-0.002217671881865387,0.19712850737420706
0.019926399529383687,-0.0019200002056120652,0.1973439950882248
0.019919392400669533,-0.0016085182659023747,0.19758540574079295
0.019913641654703884,-0.0012876119656988604,0.19784880458134
0.01990917541088022,-0.0009616349618163184,0.1981301191469859
0.019906005040276842,-0.0006348548098026309,0.1984251955929658
0.01990412559750787,-0.00031140210699472597,0.19872985386808398
0.019903516426229118,4.776815857446713e-06,0.19903994107814862
0.019904141926568197,0.0003099632481049265,0.1993513825137869
0.019905952471706012,0.0006007048875052456,0.19966022960456536
0.01990888545985703,0.0008738500774207009,0.19996270467599098
0.019912866486901937,0.0011265768906738528,0.20025524175969323
0.019917810624036303,0.001356417086927644,0.20053452332729066
0.019923623783927535,0.0015612747635807042,0.20079751260285605
0.019930204158121523,0.0017394396720917633,0.20104148125330698
0.0199374437077795,0.0018895952301253593,0.20126403230792037
0.019945229689322996,0.0020108213250015334,0.20146311821823149
0.019953446196234292,0.0021025920638390806,0.201637054026182
0.019961975698167933,0.0021647686832363244,0.20178452566491564
0.019970700558562093,0.002197587881631176,0.20190459346725212
0.0199795045123472,0.0022016458832553013,0.20199669100672732
0.019988274086194302,0.0021778785842240323,0.20206061944616704
0.019996899943723445,0.0021275381639556915,0.20209653760119015
0.020005278140819094,0.002052166575271483,0.20210494798346243
0.020013311276025014,0.0019535663483351276,0.20208667910858527
0.020020909523545072,0.0018337691608790107,0.20204286439632974
0.020027991537928447,0.001695002638360837,0.2019749180176453
0.020034485221549936,0.00153965585251289,0.20188450806801225
0.02004032834817515,0.0013702439862848218,0.20177352746803634
0.02004546903808002,0.00118937262893236,0.2016440630097326
0.02004986608255699,0.0009997021522483622,0.20149836297781826
0.02005348911781235,0.0008039126046834394,0.20133880378280694
0.020056318650588434,0.000604669539042853,0.20116785604492718
0.020058345939891975,0.00040459116528333285,0.20098805056420307
0.020059572741276455,0.00020621719166207816,0.20080194460442663
0.020060010921886917,1.1979681015589783e-05,0.20061208889988477
0.0200596819561647,-0.00017582375487599776,0.200420995806771
0.020058616313440858,-0.00035505424570733967,0.20023110888870124
0.02005685274984703,-0.0005237530811823144,0.200044774417288
0.02005443751783087,-0.0006801602202054224,0.19986421495810328
0.020051423507210675,-0.0008227296707881985,0.19969150540131855
0.020047869332064483,-0.000950141676000525,0.1995285516446443
0.020043838377893586,-0.0010613116542113653,0.1993770721247245
0.020039397823347294,-0.0011553958846795692,0.19923858234879338
0.020034617650520392,-0.001231793974422606,0.19911438253078131
0.020029569657255664,-0.0012901481795715777,0.19900554839298507
0.02002432648424035,-0.0013303396927672392,0.19891292514963627
0.020018960668776398,-0.0013524820433994562,0.1988371246443645
0.02001354373618769,-0.0013569117893871786,0.1987785255724897
0.020008145339069028,-0.0013441767091809812,0.19873727668150928
0.02000283245242951,-0.0013150217254636596,0.19871330279883143
0.019997668633338073,-0.0012703728170455613,0.19870631351633516
0.01999271335089503,-0.00121131918921467,0.19871581431973565
0.0199880213920558,-0.001139093989871867,0.19874111993068613
0.01998364234736494,-0.0010550538636755495,0.19878136960997383
0.019979620179674473,-0.0009606576463041536,0.19883554415044058
0.019975992877685922,-0.0008574444965505116,0.1989024842803087
0.019972792195138478,-0.0007470117656551183,0.19898091018572966
0.019970043475534105,-0.0006309928922912234,0.19906944186304984
0.019967765561203166,-0.0005110356046109924,0.19916662000742066
0.01996597078478013,-0.00038878069321025084,0.19927092715459105
0.01996466504017924,-0.0002658416065060457,0.19938080879528636
0.019963847929511225,-0.00014378509574336745,0.19949469419936888
0.01996351298157073,-2.4113117794494788e-05,0.1996110166979128
0.019963647936989126,9.175380661068467e-05,0.19972823317650196
0.01996423509448242,0.0002024916632383206,0.1998448426080625
0.019965251712139143,0.0003068862353242048,0.19995940335671564
0.01996667045727074,0.00040384458620596977,0.20007054915891337
0.019968459897990787,0.00049240460421902,0.20017700358412688
0.01996995560707898,-0.001385202088134993,0.1983143539826548
0.019940036806808736,-0.013219319711819092,0.18618104835626828
0.019860058738616307,-0.025346031676049614,0.17325455571011344
0.01972811672242438,-0.041995440786844224,0.1552857264373996
0.019541031766104177,-0.05479447884774206,0.14061583881329973
0.01929989208314567,-0.06767576339868642,0.12532315743277028
0.01900626999895556,-0.08045943115781584,0.10960326883173976
0.01866345645046568,-0.09757622450099088,0.08905834000366594
0.01827589521902031,-0.10964260201809294,0.07311635017211017
0.01785046729579994,-0.12108068563093764,0.057423987327061735
0.017393906925044788,-0.13176114793252952,0.042177921317918365
0.016914786727453918,-0.14149181597653263,0.02765605129800655
0.01642109946681182,-0.15018308215108497,0.014027912517033225
0.0159208575091254,-0.15776156144727133,0.0014470136439826975
0.01542188574190557,-0.1641710832078272,-0.009952225788771502
0.01493160864146697,-0.16937489337418543,-0.02005880695951573
0.014456714538753204,-0.16765875286290502,-0.023091607475372977
0.014000855411616771,-0.17029990068450124,-0.030291346568333516
0.013570947202704563,-0.1658458351728934,-0.03013636314584775
0.013334177379679858,-0.20893214036259494,-0.07559036656579637
0.012874712532450419,-0.1899234183743505,-0.061176293049846314
0.01247857020065845,-0.16961100354173372,-0.04482530153514923
0.012141650442047954,-0.14817130463436773,-0.02675480021388818
0.011867711396536671,-0.13128605297239526,-0.012608939007028558
0.0116311879421192,-0.11954319368901276,-0.0032313142678207507
0.011425451737052995,-0.10713239464198411,0.007122122728545829
0.011246387069425273,-0.09446295321648798,0.01800091747776475
0.01109142540993165,-0.08182374194481297,0.02909051215450352
0.010958474441690558,-0.06271607958740891,0.04686866482949667
0.010847297595418456,-0.050568500125727944,0.05790447582845662
0.010756748650443073,-0.03893609938653428,0.06863138711789644
0.010685614593616676,-0.0279517786731219,0.07890436726304487
0.010631813019548964,-0.024794677553943104,0.08152345264154653
0.010592453153956748,-0.015708571140019112,0.09021596039954838
0.010566261493851613,-0.007643584862835552,0.09801903007568058
0.010549595429011094,-0.007828143856080159,0.09766781043403078
0.010538250469490217,-0.001876833482059805,0.10350567121284236
0.01053188073521534,-0.011611160771369755,0.09370764658078365
0.010515524188573511,-0.007787477983460449,0.09736776390227465
0.01049489110170036,-0.012320565085236587,0.09262834593176701
0.01046136451923114,-0.017832225764227206,0.08678141942808419
0.010411062166272004,-0.024036185820980355,0.08007443584173968
0.010340507450359145,-0.03090480488931303,0.07250026961427841
0.010247112560204906,-0.03827025146763337,0.06420087413441569
0.010129375257281857,-0.045964711785127704,0.05532904078769087
0.009986884607086056,-0.05382452400148334,0.046044322069377225
0.009820304994156818,-0.06168954778365265,0.036513502157915524
0.009631319595755514,-0.06940513169492085,0.026908064262634285
0.009422537710098957,-0.0768240269997056,0.017401350101283977
0.00919737156274043,-0.08380818554060342,0.00816553008680089
0.008959888902363489,-0.09023046295723952,-0.0006315739336046344
0.008714648790298346,-0.09597619519699069,-0.008829707294007227
0.008466528605904898,-0.10094461505488922,-0.01627932899584024
0.008220550457729547,-0.10505007649074971,-0.022844571913454237
0.007979458972135298,-0.10056209066461416,-0.020767500943261186
0.007748907292631393,-0.102803211846311,-0.025314138919997065
0.007530945907054179,-0.09646307793244793,-0.021153618861906143
0.007330066496467292,-0.08919960672882112,-0.01589894176414819
0.0071465473415195145,-0.0886332182508822,-0.01716774483568706
0.006981508142420743,-0.0797669466516868,-0.009951865227479373
0.006836250787252597,-0.07028040161283867,-0.0019178937403127039
0.006710733484310286,-0.060324975467836287,0.0067823593752665695
0.006605759615056056,-0.04992269640363509,0.016134899746925467
0.006521236210834974,-0.03923365403854915,0.025978708069800592
0.00645707943558864,-0.028409855088710273,0.03616093926717613
0.00641322207967864,-0.01759381052519842,0.046538410271587984
0.006389593240333333,-0.006919607137749684,0.05697632526558365
0.0063860918589312525,0.003488615220976013,0.06734953381028855
0.006402547911603344,0.013517848257603764,0.0775433273736372
0.006438676902407187,0.02306708210907435,0.08745385113314622
0.006493708040493976,0.025342147101314407,0.09027922750625417
0.00656574453484218,0.03375282770410542,0.09941027305252723
0.006655067329607553,0.041458499633762524,0.10800917292983805
0.00675993708458148,0.041966349728301156,0.10956572057411595
0.00687666288535831,0.04831561628688937,0.11708224514047247
0.007006052387145449,0.05394675369725448,0.12400727756870897
0.0071743576502753224,0.07129485623822854,0.14303843274098177
0.0073935012200690015,0.08783711643083879,0.1617721286315288
0.007434159923311917,0.054656284483007966,0.12899788371612714
0.00758335400744361,0.05186035972072489,0.127693899795161
0.007733192556232117,0.048385253189165485,0.12571717875148666
0.007881307878843178,0.049674243795670724,0.1284873225841025
0.00801829400149821,0.0450795133008921,0.1252624533158742
0.008145364248895049,0.04042447312782195,0.12187811561677243
0.008262049103657942,0.03579466961724098,0.1184151606538204
0.008368467794517158,0.031184174405873396,0.11486885235104498
0.00846461641235933,0.026686795427975172,0.11133295955156847
0.008555883322227658,0.03234810978528413,0.11790694300756072
0.008626564612127364,0.023203981122911877,0.10946962724418552
0.008695074669480964,0.019392895356666363,0.106343642051476
0.008757322874900404,0.020638395256919323,0.10821162400592335
0.008813645133737946,0.017370993952168227,0.1055074452895477
0.00886699354256878,0.014511578271050719,0.10318151369673852
0.00891720453815545,0.01648489845546618,0.10565694383702068
0.00896751849357558,0.014353967223771783,0.10402915215952759
0.00901786828508544,0.01686381896119008,0.10704250181204447
0.009071473431400743,0.019645223248161856,0.11035995756216929
0.009127525902015264,0.018542793798001406,0.10981805281815404
0.009189190838175964,0.02182187018533252,0.11371377856709217
0.009257168699734789,0.02132259482868691,0.1138942818260348
0.009345107655338266,0.042212126816023855,0.13566320336940652
0.009511620940942862,0.06814111133960087,0.1632573207490295
0.00975848642946188,0.09324670245079117,0.19083156674540996
0.010082287964709329,0.11761676970933628,0.21843964935642957
0.010484194844415325,0.14096847516956965,0.2458104236137229
0.010967850447053246,0.16296056994332273,0.27263907441385515
0.01153746939150165,0.1832986991945589,0.2986733931095754
0.012197120314334656,0.2017283163338181,0.3236995194771647
0.012937299608543956,0.20730125023551996,0.33667424632095955
0.013798014819186391,0.23203898284722033,0.37001913103908424
0.014740984174605462,0.24360487734602282,0.3910147190920774
0.0157670750142653,0.2530465543253926,0.41071730446804555
0.016874609136978833,0.26022100125352354,0.4289670926233119
0.018055207456727757,0.2652062455258496,0.44575832009312716
0.01930981669194456,0.2722170851266239,0.4653152520460695
0.020624824101024557,0.26776894443987503,0.4740171854501206
0.021950929240806813,0.25655173245256635,0.4760610248606345
0.02341641963620117,0.26889166491165456,0.5030558612736662
0.024858255306418674,0.26144160192688115,0.5100241549910679
0.026312958856258582,0.25568744924417475,0.5188170378067606
0.027762003068955727,0.24355383656117374,0.521173867250731
0.029183607213494223,0.23347740111802623,0.5253134732529685
0.030567137740690285,0.217205012932039,0.5228763903389418
0.031893763468761535,0.2029297451609924,0.5218673798486078
0.03314291226411779,0.18677292213973246,0.5182020447809104
0.034297511743898654,0.165023465443721,0.5079985828827076
0.035340014203333804,0.14574154573600265,0.49914168776934065
0.036252835941646105,0.12523829995637395,0.48776665937283503
0.03699671709097042,0.09184133599308923,0.4618085069027934
0.037513240182247276,0.05759393314522822,0.43272633496770097
0.03779230721654358,0.02277954096237584,0.40070261312781164
0.03838320921136489,0.027485502284435376,0.4113175943980843
0.038499735141012945,0.004380853233476866,0.38937820464360634
0.03844507367591015,-0.018254496183447738,0.3661962405756538
0.038229839839235245,-0.044126692747272954,0.33817170564507953
0.03786270103669434,-0.06451401056591002,0.31411299980103335
0.03735661304018943,-0.08811549586004094,0.2854506345418534
0.03671998694698212,-0.11051035910243913,0.2566895103673821
0.03596934072047149,-0.12709525021912718,0.2325981569855877
0.03512233758979155,-0.14624892531792577,0.20497445057998975
0.03419502716994346,-0.16347150551467327,0.17847876618476133
0.03320712336247914,-0.17852312855197364,0.15354810507281777
0.032178492965480525,-0.191193544666882,0.13059138498792328
0.031126821880493247,-0.20137763913115722,0.10989057967377527
0.030069901091148245,-0.20892470762422946,0.09177430328725297
0.02902445768161412,-0.21849755261487044,0.07174702420127074
0.02800781511265867,-0.22054347625682594,0.059534674869760745
0.027028286159613953,-0.2197399666396267,0.05054289495651282
0.026099626793328765,-0.2210535311790445,0.039942736754243174
0.02522563391998204,-0.2147006682954985,0.03755567090432188
0.024418461518552075,-0.21064772426574047,0.03353689091978029
0.023676574356518057,-0.20408341594367224,0.03268232762150833
0.023001421656182713,-0.19518675682216505,0.03482745973966209
0.022394264564353228,-0.18408599230240427,0.03985665334112801
0.02185344803719913,-0.16579107135648505,0.052743409015506254
0.021377509014036025,-0.15092249805746707,0.06285259208289318
0.02096333667526755,-0.13449987237000463,0.07513349438267086
0.02060842839107002,-0.11675962127982531,0.08932466263087491
0.020310324665071527,-0.09795462267257114,0.10514862397814413
0.02006648253874696,-0.08389518381359921,0.11676964157387039
0.019875720589374007,-0.06396426655049095,0.13479293934324912
0.019737086395395946,-0.043835108161310844,0.15353575579264864
0.0196507256034006,-0.023763756276713302,0.1727434997572927
0.01961749517458144,-0.003999239669708024,0.19217571207610637
0.019638901171858413,0.015312757860276669,0.2117017695788608
0.019716708256582283,0.03393936405564355,0.23110644662146637
0.019837585213595875,0.04591682676949199,0.24429267890545076
0.019998945708841913,0.05675156945886906,0.2567410265472882
0.020200222094553397,0.06627208458839619,0.26827430553393017
0.0204400774783195,0.07432816820767052,0.2787289429908655
0.020716230657389496,0.08079166656734908,0.28795397314124405
0.021024679871050538,0.08565515383064781,0.2959019525411532
0.021360612935606815,0.08892449234971962,0.30253062170578776
0.021718466786539638,0.09062001397401413,0.3078046818394105
0.022092015000622977,0.09077731699855751,0.3116974670047873
0.02392753259284109,0.16834938507887254,0.4076247110072834
0.024674287510258998,0.17858255242011586,0.42532542752270586
0.025471822899008234,0.18107140782607553,0.4357896368161579
0.026308977526239927,0.18907327020888087,0.45216304547128017
0.02718564257397762,0.18934560514894813,0.46120203088872436
0.028121627968276885,0.1939762392892627,0.4751925189720315
0.029105497902194397,0.19631717438882007,0.48737215341076406
0.030127637590941808,0.18938959680671258,0.49066597271613066
0.03117701348854511,0.18740586067647233,0.4991759955619235
0.032238647428855904,0.1835123041700971,0.5058987784586562
0.03330151196335946,0.17776918364937194,0.5107843032829665
0.0343538092804174,0.17025903537440992,0.5137971281785839
0.03538161777613314,0.16120153854060826,0.5150177163019396
0.03637362292727948,0.15070010701117614,0.5144363362839709
0.037318621539301655,0.13887401991977594,0.5120602353127925
0.038206279977284305,0.13409835710914328,0.5161611568819864
0.03903006010508643,0.12017775154267413,0.5104783525935384
0.039777507614846365,0.10536961810821997,0.5031446942566836
0.040440581298168424,0.08983882922936996,0.4942446422110542
0.04101262659573089,0.07375741537431948,0.4838836813316284
0.04149091610300486,0.06617389481459801,0.4810830558446466
0.041873930396373944,0.04940438296020945,0.46814368692394887
0.04215417707500956,0.03251622944197465,0.45405800019207027
0.04233069653846879,0.01570448989485728,0.4390114552795452
0.04240441893758981,-0.000838980904561692,0.4232052084713364
0.042383096178224056,-0.0073531398723529744,0.4164778219098876
0.04225343889412742,-0.0328047756516293,0.3897296132896449
0.041911331000069794,-0.06757514856110505,0.35153816143959293
0.04175537411336347,-0.051924652217184286,0.3656290889164504
0.04137834833722966,-0.06493050879317465,0.348852974579122
0.04092915079549242,-0.07690844001908675,0.33238306793583744
0.040417756426791185,-0.08753619020132027,0.3166413740665916
0.03985767737806434,-0.09634634162241625,0.30223043215822715
0.03925348057802898,-0.10380784103990194,0.28872696474038784
0.038613610908711356,-0.10981539080367665,0.2763207182834369
0.03794629447997128,-0.11428561684101474,0.2651773279586981
0.03725925492425427,-0.11716121050194768,0.25543133874059504
0.03656213662866119,-0.12915637259269827,0.23646499369391363
0.03586633918269846,-0.12882421065404012,0.22983918117294447
0.035170811340642365,-0.12687827066904842,0.22482984273737525
0.034484223403946634,-0.13416516041116908,0.21067707362829727
0.03381659481694202,-0.12914157928571435,0.20902436888370585
0.03316469269538276,-0.13331564045031272,0.19833128650351486
0.03254589349932047,-0.12516624410518915,0.20029269088801557
0.03191745555681045,-0.13727199346295355,0.18190256210515093
0.03138996280728883,-0.11550828003328965,0.19839134803959868
0.03086367448808022,-0.11411119055576138,0.1945255543250408
0.030370825469534915,-0.10067786595253164,0.20303038874281748
0.029923823165030488,-0.09696634399004828,0.2022718876602566
0.02951559436391657,-0.09203381886251305,0.20312212477665265
0.029144675998231562,-0.08632273731519825,0.20512402266711738
0.028815963950969168,-0.06921710017847013,0.21894253933122157
0.028530894119638724,-0.06231100443119471,0.22299793676519253
0.028284920661377572,-0.054976209194997634,0.2278729974187781
0.02807862580831457,-0.0472901974818454,0.23349606060130032
0.027912368870005762,-0.03933955843448172,0.23978413026557588
0.027785412106257935,-0.03139651496998985,0.2464576060925895
0.027708939320156854,-0.013114690241997792,0.26397470295957076
0.027666947171850607,-0.005453570266116783,0.27121590145238933
0.027663332227350474,0.0019672776530914385,0.2786005999265962
0.02769744636042797,0.009067399193708263,0.28604186279798793
0.02777183471174626,0.025960614103175662,0.3036789612206383
0.027886303778188945,0.031968483205256214,0.31083152098714567
0.02803525805676711,0.03728761169028596,0.31764019225795703
0.028216680729394407,0.041878210070246454,0.3240450173641905
0.02842826240679427,0.04570470555751651,0.3299873296254592
0.028676550430075207,0.05842743249056734,0.34519293679131946
0.02895027376973628,0.06026474485827684,0.3497674825556396
0.029553048631761433,-0.1237159520209675,0.17181453429664686
0.028884712395930316,-0.14939843346345916,0.13944869049584402
0.02807895122861895,-0.17645296096088392,0.10433655132530562
0.027120536598886323,-0.20503252676646488,0.06617283922239836
0.025996090024809817,-0.2395534916416023,0.02040740860649584
0.024780510760465974,-0.26815964194389896,-0.020354534339239228
0.023503567177115204,-0.29493448285973256,-0.05989881108858053
0.022196015997916093,-0.3147374933965865,-0.09277733341742558
0.02089027960856426,-0.3369273851209986,-0.12802458903535602
0.01962230641471231,-0.35125218092285865,-0.15502911677573555
0.018422423017432993,-0.3623671764123622,-0.17814294623803228
0.017316930486846623,-0.3700908411412478,-0.19692153627278156
0.016322346064172752,-0.3689161812158238,-0.2056927205740963
0.015454414327246598,-0.3640279947626665,-0.20948385149020055
0.014717512154500356,-0.35549291724299426,-0.2083177956979907
0.014111143444539799,-0.3434335070400821,-0.2023220725946841
0.013626748557588308,-0.3222916036122652,-0.18602411803638214
0.013251637316649025,-0.2980062488109349,-0.16548987564444465
0.012968597877903987,-0.2709386928575323,-0.14125271407849244
0.012760147571626947,-0.24148463323793898,-0.11388315752166953
0.0126086697742132,-0.2042120509893828,-0.07812535324725081
0.012497036736658421,-0.1713308548509828,-0.04636048748439858
0.012413594828461234,-0.1316676023296899,-0.007531654045077579
0.012348631454218025,-0.09750032372267846,0.025985990819501786
0.012301292252385245,-0.06348293943859913,0.05952998308525331
0.012270137968426827,-0.024222362250913496,0.09847901743335477
0.012416020387252528,-0.03498994059260281,0.08917026327992247
0.012398821599931192,0.0015165164372070033,0.12550473243651894
0.01242198368345112,0.03605567934942703,0.16027551618393823
0.012498153610300208,0.06833078748857563,0.1933123235915777
0.012640543479308151,0.09799456425194666,0.22439999904502816
0.012853630240338386,0.1255503330588715,0.2540866354622554
0.013130581929430903,0.13805673753459624,0.26936255682890525
0.013461042988120888,0.1412771283853373,0.2758875582665462
0.013840600652975127,0.14127408974173297,0.27968009627148427
0.014255637609408275,0.14458864144674882,0.28714501754083155
0.014690731426850893,0.13112797302781085,0.27803528729631977
0.015121215433398172,0.12106768081953492,0.2722798351535166
0.015516957308386092,0.10101271987568364,0.25618229295954453
0.015848729653598865,0.07088111018324512,0.22936840671923375
0.016086378594284266,0.04513817450701897,0.20600196044986163
0.01620284209463796,0.00977978423104161,0.1718082051774212
0.016174368889399774,-0.027604130945523355,0.13413955794847437
0.01598403577138272,-0.0664649534353932,0.09337540427843398
0.015625822576630925,-0.10612766486030195,0.05013056090600729
0.015103617825590332,-0.14604400835180284,0.00499216990410048
0.014432563068555417,-0.17773356621744718,-0.033407935531893
0.01363814627087297,-0.21613668023348917,-0.07975521752475948
0.012755350392455646,-0.24503624311273253,-0.11748273918817606
0.011821813976259178,-0.27168101795881894,-0.15346287819622717
0.010878297560794845,-0.2955502018564715,-0.18676722624852307
0.009960990698680046,-0.30860594375449363,-0.20899603676769318
0.009104842414078954,-0.3182171057411628,-0.22716868160037326
0.008336184385884416,-0.3241738284819154,-0.24081198462307124
0.007672329746508213,-0.31877407704709415,-0.24205077958201202
0.007125149102443695,-0.3095851507497581,-0.23833365972532117
0.0066921937591677,-0.2892448511781065,-0.2223229135864295
0.006367341230055355,-0.2654742637799783,-0.20180085147942473
0.006136874621504811,-0.23849954853326755,-0.17713080231821943
0.00598225289728457,-0.20872337115744136,-0.14890084218459565
0.005885615493757291,-0.1765772281275045,-0.1177210731899316
0.005824982289023969,-0.13526027939834603,-0.07701045650810634
0.005788308171931893,-0.09275557630841935,-0.034872494589100425
0.005765810322054005,-0.05701227430797174,0.0006458289125683067
0.005753742608801138,-0.013824060583873749,0.04371336550413763
0.005756917158282946,0.02890107586352921,0.08647024744635867
0.0057845471049246325,0.07054636839307252,0.12839183944231886
0.005840891993816989,0.09587502074634657,0.15428394068451645
0.005948182215908128,0.12657285496622683,0.1860546771253081
0.006117248828908216,0.1548380058107033,0.21601049409978546
0.006361833394396317,0.1802866248251764,0.2439049587691396
0.006688434181236575,0.19542033266896558,0.2623046744813313
0.007098287177815124,0.2075030023547999,0.2784858741329511
0.007586946601704815,0.20941232039200028,0.28528178640904844
0.008147483785727048,0.2151978824586807,0.2966727203159512
0.00876497599302634,0.21090910999585724,0.29855886992612063
0.009419751581656555,0.1970125271529266,0.29121004296949216
0.01008928515377925,0.1871993808131515,0.288092232350944
0.010748221908128392,0.1685144102459182,0.27599662932720215
0.0113733638894297,0.14785620917309353,0.2615898480673905
0.011983286250341755,0.1503131839721642,0.27014604647558177
0.012428188954380071,0.10202297471944931,0.22630486426325003
0.012821149243240283,0.07758170392926068,0.2057931963616635
0.013107738730224654,0.052633039632004996,0.18371042693425155
0.013281919903847222,0.02756691243645451,0.16038611147492673
0.013342203670149065,0.00233586349940268,0.13575790020089334
0.013290005715133568,-0.022230656463443785,0.1106694006878919
0.013134602850445768,-0.045805322346281874,0.0855407061581758
0.012888831047949592,-0.0680809515305788,0.06080735894891712
0.012568061620928326,-0.08403129206789457,0.04164932414138868
0.01218718707002479,-0.10301790125616025,0.018853969444087654
0.011764792244258915,-0.11542326365914903,0.0022246587834401227
0.011320393371619627,-0.12135426153260626,-0.00815032781640998
0.010862036615082938,-0.13391054310003167,-0.025290176949202298
0.010411516728520075,-0.1355368765940835,-0.03142170930888276
0.009977731727405757,-0.13909272106647017,-0.03931540379241259
0.009571152923669987,-0.13620193529300234,-0.04049040605630247
0.009197415303757159,-0.13119602648015175,-0.03922187344258016
0.008862233087686541,-0.12405627237269702,-0.03543394149583161
0.008568430977867525,-0.11300086222302216,-0.027316552444346914
0.008328519149285007,-0.09432292083386831,-0.011037729341018238
0.008143616396946829,-0.07412719819566395,0.007308965773804341
0.008010630099996696,-0.052637207351843754,0.027469093648123208
0.007926939152239854,-0.030088649595602666,0.04918074192679587
0.007890566464541227,-0.006757956999461955,0.07214770764595031
0.00790058459546028,0.0169792720728913,0.0959851180274941
0.007957714123197679,0.04076305450602578,0.12034019573800256
0.008064166190011601,0.06425118105394302,0.14489284295405902
0.008223375691090773,0.0871212116966893,0.16935496860759702
0.008439646642270038,0.1090727764596376,0.19346924288233797
0.008717722151541984,0.12983104728706787,0.21700826880248772
0.009062322558864633,0.14914921207520795,0.23977243766385428
0.009477687785884203,0.16681007417569418,0.2615869520345362
0.009967153660979111,0.18262690518598926,0.28229844179578034
0.0105327847655321,0.19644367134687282,0.3017715190021938
0.01117507929632966,0.2081347308729305,0.3198855238362271
0.011892754377651027,0.21760410850111586,0.33653165227762616
0.012682614246742663,0.22478445324496824,0.35161059571239484
0.013539499134514799,0.22963577799304352,0.3650307693381915
0.014456309537622225,0.2321440674580053,0.37670716283422756
0.015424098777449657,0.23231982626370198,0.38656081403819853
0.016432225992734306,0.23019662302401211,0.3945188829513552
0.017468561681431627,0.22582967028774112,0.4005152871020574
0.018519738259494378,0.2192944650940027,0.40449184768894647
0.019571438547480557,0.21068550121219243,0.406399886686998
0.02060871540654352,0.20011505228065363,0.40620220634608883
0.021616335778898765,0.1877120151574635,0.40387537294645115
0.022579142079513392,0.1736207948656649,0.3994122156607988
0.023482423244481687,0.15800020648462393,0.3928244389294408
0.024312286840244557,0.1410223651096045,0.3841452335120501
0.025056022600546513,0.12287153247881995,0.37343175848428506
0.025702446746574736,0.10374288798303288,0.36076735544878025
0.026242215643300426,0.08384119249233668,0.34626334892534094
0.026668096939121533,0.06337931575157602,0.33006028514279134
0.026975186499138548,0.04257660201771693,0.31232846700910244
0.027161060312829388,0.021657054140302178,0.29326765726859605
0.027225852219112667,0.0008473233890123015,0.27310584558013895
0.027172250761006378,-0.019625499077436482,0.2520970085326273
0.027005411693630688,-0.03953628330078463,0.23051783363552225
0.026732786475901715,-0.05866443741116774,0.20866342734784943
0.02636387125494366,-0.07679663192797581,0.1868420806214608
0.02590988512061676,-0.09372963126888018,0.16536921993728743
0.025383390448864507,-0.10927318083987304,0.14456072364877204
0.024797871646523806,-0.12325288769532612,0.12472582876991194
0.024167291264692192,-0.13551302409251578,0.10615988855440614
0.02350564402903421,-0.14591917698043821,0.0891372633099039
0.022826529689710107,-0.1543606631489262,0.07390463374817485
0.022142764661129632,-0.1607526298890949,0.060675016722201436
0.021466050238514445,-0.16503776487674016,0.04962273750840429
0.020806711871001138,-0.16718754667527175,0.04087957203473963
0.02017351974374959,-0.16720297862249894,0.03453221881499696
0.019573596040680652,-0.16511476353923074,0.03062119686757578
0.019012409036136102,-0.16098289407910277,0.029141196282258253
0.01849384893851136,-0.15489565283879833,0.03004283654631526
0.018020375531875743,-0.14696803663111244,0.033235718687644994
0.01759322347637271,-0.13733963956470288,0.03859259519902422
0.017212647944950366,-0.1261720487216064,0.04595443072789726
0.016878191344915194,-0.11364582326229393,0.055136090186858014
0.016588951361754756,-0.09995714180666224,0.06593237181088532
0.01634383151948926,-0.0853142131899076,0.078124102004985
0.01614175779512328,-0.06993355164203799,0.0914840263091948
0.015981848339420512,-0.05403621881268237,0.10578226458152276
0.015863527709779834,-0.0378441318636903,0.12079114523410804
0.015786581798508337,-0.021576529371411513,0.13628928861367184
0.0157511543930986,-0.0054466755781786835,0.1520648683528073
0.01575769060857013,0.010341130604120482,0.16791803668982178
0.01580683593446741,0.025594191552436318,0.18366255089711042
0.015899302103647983,0.04013365862040139,0.19912667965688122
0.01603571231353973,0.05379637526907598,0.21415349840447329
0.016216438542801193,0.06643631522538361,0.22860070065339555
0.01644144294890504,0.07792562924268441,0.2423400587317348
0.016710133824539675,0.08815532554272766,0.2552566637881244
0.01702124458999954,0.09703561767514995,0.26724806357514536
0.01737274206107431,0.10449597921650848,0.2782233998272516
0.017761767981940402,0.11048494754146142,0.28810262736086545
0.01818461572268415,0.11496971911089303,0.29681587633773454
0.01863674222361089,0.11793557674126458,0.3043029989773735
0.019112813777392823,0.11938518562800096,0.31051332340192916
0.019606783079840984,0.11933778999938478,0.3154056207977946
0.020111994119892618,0.11782833666523618,0.31894827786416236
0.02062131086749419,0.11490654583667875,0.32111965451162067
0.021127265295266984,0.11063594380230599,0.32190859675497585
0.021622219981557222,0.10509286664915023,0.32131506646472247
0.02209854034490455,0.09836543943645289,0.31935084288549836
0.022548771426001313,0.09055253122104566,0.3160402454810588
0.022965814052718247,0.081762683192498,0.3114208237196805
0.023343095202610797,0.07211300495517534,0.30554395698128334
0.023674727434299214,0.06172803270841623,0.29847530705140835
0.023955652421155715,0.05073854271313282,0.29029506692469
0.024181763917787702,0.039280313959202985,0.28109795313708
0.024350005949286047,0.02749283531046905,0.2709928948033295
0.024458442654585077,0.015517954531881015,0.2601023810777318
0.024506297045743697,0.0034984694062539443,0.24856143986369092
0.024493956955872864,-0.008423335484711093,0.23651623407401756
0.024422947613657264,-0.020107198942500123,0.22412227719407252
0.024295871558122517,-0.03141642885263787,0.2115422867285873
0.024116317934065545,-0.04221946779271922,0.19894371154793622
0.02388874451484213,-0.05239145887184997,0.18649598627657132
0.02361833700684235,-0.06181578837499558,0.17436758169342792
0.023310851220272877,-0.07038557856429122,0.16272293363843754
0.02297244447133684,-0.07800510150715709,0.1517193432062113
0.022609503051933988,-0.0845910832501064,0.1415039472692335
0.022228472723028858,-0.09007386719860482,0.13221086003168375
0.021835698937673342,-0.09439840631552775,0.12395858306120568
0.021437282884773534,-0.09752505577750152,0.11684777307023382
0.02103895849532078,-0.09943014103131552,0.11095944392189229
0.02064599432258074,-0.10010628070577482,0.10635366252003259
0.020263122770325825,-0.09956244942416784,0.10306877827909042
0.01989449758744488,-0.09782377203112834,0.10112120384332048
0.01954367897151732,-0.09493104784166431,0.10050574187350889
0.019213644129134178,-0.09094001094282841,0.10119643034851336
0.018906819823511167,-0.08592034000583623,0.10314785822927544
0.01862513238527752,-0.07995443816509488,0.10629688568768032
0.018370069936932243,-0.0731360099671758,0.11056468940214663
0.018142751228170884,-0.06556846789353629,0.11585904438817254
0.01794399551285597,-0.0573632052688584,0.1220767498597013
0.017774388303973154,-0.04863777529795735,0.1291061077417742
0.017634338576844488,-0.039514017417973016,0.13682936835047188
0.017524123984679285,-0.03011617207868511,0.14512506776810774
0.017443921817205776,-0.020569023524440747,0.15387019464761703
0.01739382467573458,-0.010996107275095533,0.16294213948225028
0.017373841058904826,-0.001518014988020683,0.1722203956010276
0.017383882163540587,0.007749175521608,0.18158799715701388
0.01742373713192924,0.016695322833807587,0.1909326941531
0.017493039669810972,0.02521748059359161,0.20014787729170133
0.01759122939227309,0.033220981660699894,0.20913327558343078
0.017717511425813903,0.04062034265884297,0.217795456916982
0.017870817723259602,0.047339988904617915,0.22604816613721393
0.018049773269688263,0.05331480408173666,0.2338125367786193
0.018252669917736775,0.058490512613711375,0.24101721179107913
0.018477450039773302,0.06282390541503305,0.24759840581276607
0.018721701571248417,0.0662829215608942,0.2534999372733784
0.018982665387514697,0.06884659945168815,0.2586732533268351
0.01925725534113365,0.07050491134406464,0.26307746475540117
0.019542090714419924,0.0712584947876076,0.26667940193180684
0.019833540330298494,0.07111829367513206,0.269453696978117
0.020127777123038815,0.07010512042309659,0.2713828916534847
0.020420841602997175,0.06824914938255083,0.2724575654125226
0.02070871235578764,0.06558935006815615,0.27267647362603253
0.020987381494125046,0.06217286729681633,0.2720466822380668
0.02125293282706453,0.05805435394535295,0.27058368221599827
0.021501620424157597,0.05329526084652889,0.2683114650881049
0.02172994523002547,0.047963087404003034,0.2652625397042577
0.021934727427791678,0.04213059586004954,0.2614778701379663
0.022113172358341426,0.03587499181798451,0.25700671540139874
0.022262927977057867,0.02927707361126746,0.25190635338184614
0.02238213207012052,0.022420353413971045,0.24624167411517625
0.02246944775643067,0.015390153581248203,0.24008463114555492
0.022524086163782986,0.008272682557247103,0.23351354419507697
0.022545815580670148,0.0011540957464565588,0.22661225155315803
0.022534956836121722,-0.005880452045980295,0.21946911631523694
0.022492365133549352,-0.012747754701305881,0.21217589663418765
0.02241939904194723,-0.019367494188360413,0.20482649623111188
0.02231787780783412,-0.0256631608137259,0.19751561726461528
0.022190028571959175,-0.0315629427482603,0.19033734297133145
0.02203842543410195,-0.03700057236344424,0.18338368197757526
0.02186592258741138,-0.041916116307174296,0.1767431095669395
0.021675583924286812,-0.046256695995592116,0.170499143247276
0.021470611587075528,-0.04997712534662967,0.1647289905241256
0.02125427589326412,-0.05304045316705132,0.15950230576558988
0.021029848907323956,-0.055418398644378274,0.15488009042886128
0.020800543667620186,-0.05709166988417502,0.15091376679202684
0.02056946072135224,-0.05805015734612072,0.14764444986740166
0.020339543193367948,-0.05829299632187691,0.14510243561180258
0.020113541140772906,-0.057828495196957624,0.14330691621077143
0.019893985452292373,-0.056673929062509155,0.14226592546041458
0.019683171068334282,-0.054855201192519895,0.1419765094908229
0.019483148852883492,-0.05240637786965294,0.14242511065918198
0.01929572506718058,-0.049369104916700074,0.14358814575510573
0.019122467098682705,-0.045791916960986154,0.14543275402584088
0.018964713901901575,-0.04172945282370744,0.14791768619530832
0.01882358951861418,-0.037241592396245596,0.15099430278989623
0.018700018063820156,-0.03239253187009758,0.15460764876810398
0.018594738684041268,-0.027249815176688202,0.15869757166372447
0.018508319202296786,-0.021883339942830784,0.16319985208013707
0.01844116744039015,-0.016364356176746954,0.16804731822715455
0.01839353953118117,-0.010764475292635765,0.17317092001917592
0.018365544876580042,-0.005154706005883371,0.17850074275991706
0.018357147746698832,0.00039546784814074637,0.18396694531512905
0.018368165829469874,0.005818954320497159,0.1895006126151959
0.018398266309347378,0.011051853959324873,0.19503451705279864
0.018446960264353773,0.01603418497932125,0.20050378762285898
0.018513596314094105,0.020710526150656744,0.2058464892915978
0.01859735452410005,0.025030572743892116,0.21100411798489263
0.01869724157566033,0.02894960291444161,0.21592201867104488
0.018812088151180628,0.03242885377803931,0.2205497352898456
0.018940549372033377,0.03543580806610879,0.22484130178644257
0.019081108970130156,0.0379443936275765,0.22875548332887807
0.019232087688101362,0.03993509914776544,0.23225597602877907
0.019391656198133767,0.04139501028741385,0.23531157226875152
0.019557852617635874,0.04231777102027598,0.23789629719663472
0.019728604490954815,0.04270347529231684,0.23998952020186498
0.019901754909029012,0.042558494272604046,0.24157604336289418
0.020075092259875138,0.04189524445504056,0.24264616705379194
0.02024638294757386,0.040731901742005916,0.24319573121774452
0.02041340628991195,0.03909206643743453,0.24322612933655402
0.020573990707580148,0.0370043838367703,0.24274429091257177
0.0207260502527693,0.03450212486014887,0.24176262738784188
0.02086762049296942,0.0316227309628493,0.24029893589254347
0.020996892766933062,0.028407327398221587,0.2383762550675522
0.021112245863800894,0.024900208819941982,0.23602266745795092
0.021212274242011997,0.021148301203551094,0.23327104362367107
0.021295812000071468,0.017200604146218892,0.23015872414693356
0.021361951933804857,0.01310761776498808,0.22672713710303666
0.021410059160742012,0.008920758650123215,0.22302135025754333
0.02143977895731153,0.0046917696262813915,0.21908955919939668
0.021451038633091724,0.0004721284118764061,0.21498251474279365
0.0214440434522154,-0.0036875393763785135,0.2107528951457755
0.02141926679828332,-0.007738037077911679,0.20645463090492153
0.021377434958500086,-0.011632157590201529,0.20214219199479933
0.021319507067833587,-0.015325221354177165,0.19786984932415871
0.021246650897794428,-0.018775585195341078,0.1936909237826032
0.021160215290601858,-0.021945115443441233,0.18965703746257734
0.021061700122789517,-0.024799618840210584,0.18581738238768458
0.020952724728985128,-0.027309224983992023,0.18221802230585926
0.020834995724643424,-0.029448714464007177,0.17890124278242706
0.02071027513591117,-0.031197787409726806,0.1759049639493849
0.020580349677404186,-0.0325412679203934,0.17326222885364845
0.020447001918546093,-0.03346924073610045,0.17100077844936049
0.020311983951794232,-0.03397711754814419,0.16914272196979813
0.020176994028838546,-0.034065631498290186,0.1677043087900953
0.02004365647171147,-0.03374075965424046,0.16669580506287424
0.019913505003685383,-0.0330135745369562,0.16612147549989764
0.019787969488215484,-0.03190002707613357,0.16597966780602127
0.01966836592158705,-0.030420664642915644,0.16626299457295485
0.019555889403206184,-0.028600289013962606,0.16695860501809923
0.01945160971239046,-0.026467560219918522,0.16804853690398608
0.019356469055897385,-0.02405455319007742,0.16951013736889642
0.019271281518054018,-0.021396274894314744,0.17131654028622542
0.019196733744952343,-0.018530150280875308,0.17343718716864812
0.019133386423475507,-0.015495485699526041,0.17583837853522902
0.01908167617094536,-0.012332918677419192,0.1784838430320344
0.01904191752646822,-0.009083862881076921,0.18133531238360528
0.019014304824290562,-0.005789956862356325,0.18435309138054928
0.018998913825714947,-0.0024925247655820065,0.18749661349156746
0.01899570308267684,0.0007679434093431494,0.19072497423611154
0.019004515096422647,0.003952285110390655,0.1939974360746171
0.01902507741349746,0.007023126044930689,0.1972739001799053
0.01905700386399678,0.009945303331863673,0.20051534197183146
0.019099796190818363,0.012686246755666148,0.2036842086638498
0.019152846341798924,0.015216314819026864,0.2067447782370161
0.01921543969895234,0.017509083206032058,0.20966348019555547
0.019286759501464523,0.01954158413844049,0.21240917915308571
0.019365892683713692,0.02129449591366201,0.21495342275079893
0.019451837299226504,0.022752282641122626,0.21727065563338765
0.019543511639446454,0.023903284834306402,0.21933840122877094
0.0196397650862723,0.024739762065137425,0.2211374129278604
0.019739390663227052,0.025257889345971923,0.22265179597824244
0.019841139175455602,0.025457709276850444,0.22386910103140648
0.019943734757033926,0.025343042289722572,0.22478038986006182
0.020045891578177155,0.024921357547064087,0.22538027332883565
0.020146331407612905,0.024203607221300324,0.22566692129742938
0.020243801678570428,0.023204027005997246,0.22564204379170152
0.02033709367236769,0.02193990580221135,0.22531084252588823
0.020425060412363916,0.020431327594596874,0.22468193171823603
0.020506633853889067,0.018700888592512024,0.22376722713140268
0.02058084096276369,0.016773392769085335,0.22258180239672226
0.020646818295869895,0.014675528992253368,0.2211437119509523
0.02070382473125454,0.012435533010240503,0.2194737803227859
0.020751252041185442,0.010082837630516742,0.21759535804237115
0.020788633057926997,0.007647714515904272,0.21553404509517424
0.02081564724680085,0.00516091110995358,0.2133173835779621
0.020832123572079198,0.0026532862922979037,0.2109745220130899
0.02083804061589678,0.00015544844521191977,0.20853585460417973
0.020833523986032887,-0.0023026003234978775,0.20603263953683099
0.02081884112225918,-0.004691810007702943,0.20349660121488886
0.020794393680275025,-0.006984414793653516,0.20095952200909672
0.020760707734485795,-0.009154247641695906,0.19845282970316205
0.02071842209366581,-0.011177033686738003,0.1960071872499201
0.020668275064930075,-0.013030658918053223,0.19365209173124753
0.020611090030060453,-0.014695410805441324,0.1914154894951632
0.020547760213076582,-0.016154187807990404,0.1893234143227754
0.020479233018868115,-0.01739267503859054,0.1873996551500906
0.020406494310031054,-0.018399483759279477,0.18566545934103107
0.020330552963852888,-0.01916625284606024,0.18413927679246864
0.020252426015196612,-0.01968771087952206,0.18283654927244405
0.02017312464608345,-0.01996169808056908,0.18176954838026543
0.020093641231380133,-0.019989147907314507,0.1809472644064868
0.0200149375950871,-0.019774028746174645,0.18037534720469636
0.019937934575887883,-0.019323246753061785,0.18005609900581704
0.01986350294690542,-0.018646511513570403,0.1799885179554838
0.01979245568518495,-0.017756166779020786,0.18016839007282873
0.019725541543736735,-0.016666989082511803,0.18058842635485556
0.01966343984454344,-0.015395957532286706,0.1812384409131477
0.01960675638589704,-0.01396199850552396,0.18210556535344644
0.01955602034233861,-0.012385709314919228,0.18317449410846687
0.019511682030139976,-0.010689065184275546,0.18442775511712423
0.019474111415094253,-0.008895114043627077,0.18584600010731545
0.01944359725115552,-0.007027663736957241,0.18740830877459796
0.01942034675658677,-0.005110966227058615,0.1890925013388091
0.019404485756908674,-0.0031694032869716855,0.19087545428211505
0.019396059249072284,-0.0012271779908360815,0.19273341449988676
0.019395032366854803,0.0006919839306332619,0.1946423075991813
0.019401291751621752,0.0025651191164575435,0.19657803663267506
0.019414647353575898,0.004370294588452293,0.19851676812421126
0.019434834705097437,0.006086855759481358,0.20043520281045574
0.01946151771866189,0.007695651866031676,0.2023108290526506
0.019494292066625007,0.009179236698401476,0.20412215736465156
0.019532689198483943,0.010522042942578696,0.20584893492741813
0.01957618104347869,0.011710528885463922,0.20747233932025083
0.019624185432861374,0.012733296655780237,0.20897515098439398
0.0196760722578464,0.013581181572518775,0.21034190415098278
0.019731170357073946,0.014247312544282908,0.21155901611502237
0.019788775102628442,0.014727143804347436,0.21261489483063187
0.01984815662745998,0.015018458574404108,0.2135000248490039
0.019908568610895738,0.015121345525375066,0.21420703163433244
